# thresholds,fpr,tpr
2.000000000000000000e+00,0.000000000000000000e+00,0.000000000000000000e+00
1.000000000000000000e+00,3.829524397776405409e-01,4.227961819202695204e-01
9.999999999999997780e-01,3.829524397776405409e-01,4.256035934868051540e-01
9.999999999999995559e-01,3.841877702285361185e-01,4.272880404267265786e-01
9.999999999999993339e-01,3.848054354539839350e-01,4.278495227400336831e-01
9.999999999999991118e-01,3.848054354539839350e-01,4.284110050533408431e-01
9.999999999999988898e-01,3.854231006794317516e-01,4.284110050533408431e-01
9.999999999999984457e-01,3.872760963557751457e-01,4.284110050533408431e-01
9.999999999999982236e-01,3.878937615812229622e-01,4.284110050533408431e-01
9.999999999999977796e-01,3.885114268066707788e-01,4.289724873666479477e-01
9.999999999999964473e-01,3.885114268066707788e-01,4.295339696799551077e-01
9.999999999999951150e-01,3.897467572575664119e-01,4.295339696799551077e-01
9.999999999999880096e-01,3.897467572575664119e-01,4.312184166198764768e-01
9.999999999999684697e-01,3.928350833848054391e-01,4.312184166198764768e-01
9.999999999999680256e-01,3.928350833848054391e-01,4.317798989331835813e-01
9.999999999999431566e-01,3.946880790611488332e-01,4.317798989331835813e-01
9.999999999997417621e-01,3.946880790611488332e-01,4.362717574396406395e-01
9.999999999997184474e-01,3.953057442865966498e-01,4.362717574396406395e-01
9.999999999996851408e-01,3.953057442865966498e-01,4.373947220662549040e-01
9.999999999996727063e-01,3.959234095120444663e-01,4.373947220662549040e-01
9.999999999994566569e-01,3.959234095120444663e-01,4.385176866928691686e-01
9.999999999991342481e-01,3.990117356392834935e-01,4.385176866928691686e-01
9.999999999988815613e-01,3.990117356392834935e-01,4.402021336327905932e-01
9.999999999988098409e-01,4.002470660901791266e-01,4.402021336327905932e-01
9.999999999985342836e-01,4.002470660901791266e-01,4.413250982594048022e-01
9.999999999983690824e-01,4.008647313156269432e-01,4.413250982594048022e-01
9.999999999975697218e-01,4.008647313156269432e-01,4.418865805727119622e-01
9.999999999965873965e-01,4.014823965410747597e-01,4.418865805727119622e-01
9.999999999961448616e-01,4.014823965410747597e-01,4.430095451993262268e-01
9.999999999929010119e-01,4.027177269919703373e-01,4.430095451993262268e-01
9.999999999913009585e-01,4.027177269919703373e-01,4.446939921392475958e-01
9.999999999883120161e-01,4.039530574428659704e-01,4.446939921392475958e-01
9.999999999863120603e-01,4.039530574428659704e-01,4.458169567658618604e-01
9.999999999860853528e-01,4.045707226683137869e-01,4.458169567658618604e-01
9.999999999819599861e-01,4.045707226683137869e-01,4.463784390791690204e-01
9.999999999783191207e-01,4.058060531192093645e-01,4.463784390791690204e-01
9.999999999683075735e-01,4.058060531192093645e-01,4.480628860190903895e-01
9.999999999637636527e-01,4.064237183446571811e-01,4.480628860190903895e-01
9.999999999466384626e-01,4.064237183446571811e-01,4.497473329590118141e-01
9.999999999367608083e-01,4.082767140210006307e-01,4.497473329590118141e-01
9.999999999109872029e-01,4.082767140210006307e-01,4.503088152723189186e-01
9.999999998734445672e-01,4.095120444718962083e-01,4.503088152723189186e-01
9.999999998724797834e-01,4.095120444718962083e-01,4.508702975856260786e-01
9.999999998399000667e-01,4.107473749227918414e-01,4.508702975856260786e-01
9.999999998055293382e-01,4.107473749227918414e-01,4.519932622122402877e-01
9.999999993982036095e-01,4.138357010500308686e-01,4.519932622122402877e-01
9.999999993714590030e-01,4.138357010500308686e-01,4.525547445255474477e-01
9.999999992007899685e-01,4.150710315009265017e-01,4.525547445255474477e-01
9.999999989605883322e-01,4.150710315009265017e-01,4.542391914654688168e-01
9.999999989533474576e-01,4.156886967263743182e-01,4.542391914654688168e-01
9.999999988454388866e-01,4.156886967263743182e-01,4.548006737787759768e-01
9.999999979839915287e-01,4.181593576281655289e-01,4.548006737787759768e-01
9.999999970579231956e-01,4.181593576281655289e-01,4.564851207186973459e-01
9.999999967837500670e-01,4.187770228536133454e-01,4.564851207186973459e-01
9.999999955440093125e-01,4.187770228536133454e-01,4.576080853453116104e-01
9.999999942606561110e-01,4.206300185299567396e-01,4.576080853453116104e-01
9.999999941267703196e-01,4.206300185299567396e-01,4.581695676586187704e-01
9.999999799461414263e-01,4.249536751080913999e-01,4.581695676586187704e-01
9.999999793161564732e-01,4.249536751080913999e-01,4.587310499719258750e-01
9.999999400642025638e-01,4.268066707844348495e-01,4.587310499719258750e-01
9.999999389749072431e-01,4.268066707844348495e-01,4.592925322852330350e-01
9.999999376823881514e-01,4.274243360098826661e-01,4.592925322852330350e-01
9.999999349803674331e-01,4.274243360098826661e-01,4.598540145985401395e-01
9.999999061467902406e-01,4.292773316862260602e-01,4.598540145985401395e-01
9.999998844564044198e-01,4.292773316862260602e-01,4.609769792251544041e-01
9.999998837576524746e-01,4.298949969116738767e-01,4.609769792251544041e-01
9.999998720549444498e-01,4.298949969116738767e-01,4.615384615384615641e-01
9.999998634650151264e-01,4.305126621371216933e-01,4.615384615384615641e-01
9.999998460234880149e-01,4.305126621371216933e-01,4.626614261650757731e-01
9.999998283365888474e-01,4.311303273625695098e-01,4.626614261650757731e-01
9.999998142539422430e-01,4.311303273625695098e-01,4.632229084783829332e-01
9.999996758181862733e-01,4.329833230389129040e-01,4.632229084783829332e-01
9.999996336772435379e-01,4.329833230389129040e-01,4.637843907916900377e-01
9.999994976070910591e-01,4.342186534898085370e-01,4.637843907916900377e-01
9.999992024144890301e-01,4.342186534898085370e-01,4.654688377316114622e-01
9.999989375929000390e-01,4.348363187152563536e-01,4.654688377316114622e-01
9.999988561683884614e-01,4.348363187152563536e-01,4.660303200449185668e-01
9.999984389992140343e-01,4.366893143915997477e-01,4.660303200449185668e-01
9.999982424130022807e-01,4.366893143915997477e-01,4.671532846715328313e-01
9.999974551473113094e-01,4.373069796170475643e-01,4.671532846715328313e-01
9.999971836113206169e-01,4.373069796170475643e-01,4.682762492981470959e-01
9.999957607343619159e-01,4.397776405188387749e-01,4.682762492981470959e-01
9.999955236126706337e-01,4.397776405188387749e-01,4.688377316114542559e-01
9.999951117939207546e-01,4.403953057442865915e-01,4.688377316114542559e-01
9.999942703137034705e-01,4.403953057442865915e-01,4.699606962380685204e-01
9.999931583888678199e-01,4.416306361951822246e-01,4.699606962380685204e-01
9.999926956391890220e-01,4.416306361951822246e-01,4.705221785513756250e-01
9.999889030880724228e-01,4.422483014206300411e-01,4.705221785513756250e-01
9.999806254047391985e-01,4.422483014206300411e-01,4.722066254912970495e-01
9.999724785052425124e-01,4.434836318715256187e-01,4.722066254912970495e-01
9.999717278903883511e-01,4.434836318715256187e-01,4.727681078046041541e-01
9.999661790390825811e-01,4.441012970969734353e-01,4.727681078046041541e-01
9.999565618944558087e-01,4.441012970969734353e-01,4.738910724312184186e-01
9.999554116201865295e-01,4.447189623224212518e-01,4.738910724312184186e-01
9.999542659956888180e-01,4.447189623224212518e-01,4.744525547445255231e-01
9.999506644372193609e-01,4.459542927733168849e-01,4.744525547445255231e-01
9.999434265314587345e-01,4.459542927733168849e-01,4.750140370578326832e-01
9.999425929468168661e-01,4.465719579987646459e-01,4.750140370578326832e-01
9.999168616675386811e-01,4.465719579987646459e-01,4.766984839977540522e-01
9.999048492195393711e-01,4.471896232242124625e-01,4.766984839977540522e-01
9.998980313507735973e-01,4.471896232242124625e-01,4.772599663110612123e-01
9.998966476933414116e-01,4.478072884496602790e-01,4.772599663110612123e-01
9.998925354344768701e-01,4.478072884496602790e-01,4.778214486243683168e-01
9.998772030228301189e-01,4.484249536751080956e-01,4.778214486243683168e-01
9.998377187506358732e-01,4.484249536751080956e-01,4.789444132509825813e-01
9.998302279712925067e-01,4.490426189005559121e-01,4.789444132509825813e-01
9.996766887775390131e-01,4.490426189005559121e-01,4.800673778775968459e-01
9.996542170112909798e-01,4.496602841260037287e-01,4.800673778775968459e-01
9.995145295063785351e-01,4.496602841260037287e-01,4.811903425042111104e-01
9.993812230622880488e-01,4.502779493514514897e-01,4.811903425042111104e-01
9.993636413126232299e-01,4.502779493514514897e-01,4.817518248175182705e-01
9.991033507998683394e-01,4.515132798023471228e-01,4.817518248175182705e-01
9.986463360615043250e-01,4.515132798023471228e-01,4.823133071308253750e-01
9.985263909480419642e-01,4.521309450277949393e-01,4.823133071308253750e-01
9.982209811463941262e-01,4.521309450277949393e-01,4.834362717574396395e-01
9.974487329073759012e-01,4.533662754786905724e-01,4.834362717574396395e-01
9.972955422910564360e-01,4.533662754786905724e-01,4.839977540707467440e-01
9.972201089429364451e-01,4.539839407041383335e-01,4.839977540707467440e-01
9.970030865024156475e-01,4.539839407041383335e-01,4.845592363840539041e-01
9.946857392805275033e-01,4.564546016059295996e-01,4.845592363840539041e-01
9.888668140842792331e-01,4.564546016059295996e-01,4.868051656372824332e-01
9.885755052310556401e-01,4.570722668313774162e-01,4.868051656372824332e-01
9.854191585608050863e-01,4.570722668313774162e-01,4.890510948905109623e-01
9.834179242003225907e-01,4.583075972822729938e-01,4.890510948905109623e-01
9.567910701731293655e-01,4.583075972822729938e-01,4.918585064570465959e-01
9.478923942394772428e-01,4.595429277331686269e-01,4.918585064570465959e-01
9.336539159983022751e-01,4.595429277331686269e-01,4.929814710836608604e-01
9.324042820704814272e-01,4.601605929586164434e-01,4.929814710836608604e-01
9.092900962972969570e-01,4.601605929586164434e-01,4.946659180235822295e-01
8.481842507426770039e-01,4.620135886349598375e-01,4.946659180235822295e-01
8.263881714398757516e-01,4.620135886349598375e-01,4.963503649635036541e-01
7.577251222302694433e-01,4.638665843113032872e-01,4.963503649635036541e-01
7.323138835038915939e-01,4.638665843113032872e-01,4.969118472768107586e-01
6.513540481458639508e-01,4.657195799876466813e-01,4.969118472768107586e-01
6.495914134870681700e-01,4.657195799876466813e-01,4.974733295901179186e-01
6.474849227463562729e-01,4.663372452130944978e-01,4.974733295901179186e-01
6.342573456630375972e-01,4.663372452130944978e-01,4.980348119034250232e-01
6.296488387437401135e-01,4.669549104385423144e-01,4.980348119034250232e-01
6.285809616524054011e-01,4.669549104385423144e-01,4.985962942167321832e-01
5.730080055540687223e-01,4.694255713403335251e-01,4.985962942167321832e-01
5.607254568189011801e-01,4.694255713403335251e-01,4.991577765300392877e-01
5.353376166206780251e-01,4.700432365657813416e-01,4.991577765300392877e-01
5.043396420904341371e-01,4.700432365657813416e-01,4.997192588433464477e-01
3.930695340598890364e-01,4.706609017912291582e-01,4.997192588433464477e-01
2.773015710459441618e-01,4.706609017912291582e-01,5.019651880965749768e-01
2.579890872035098259e-01,4.712785670166769747e-01,5.019651880965749768e-01
2.426478190078580066e-01,4.712785670166769747e-01,5.025266704098820814e-01
2.210617907087429335e-01,4.737492279184681854e-01,5.025266704098820814e-01
1.804905838738211921e-01,4.737492279184681854e-01,5.042111173498035059e-01
1.606399763281641246e-01,4.743668931439160019e-01,5.042111173498035059e-01
1.401737610410856150e-01,4.743668931439160019e-01,5.058955642897248195e-01
1.247749547585153690e-01,4.756022235948116350e-01,5.058955642897248195e-01
1.098586349483873653e-01,4.756022235948116350e-01,5.075800112296462441e-01
1.031621887031595325e-01,4.762198888202593960e-01,5.075800112296462441e-01
8.571712685511774510e-02,4.762198888202593960e-01,5.081414935429533486e-01
7.873150430056069515e-02,4.768375540457072126e-01,5.081414935429533486e-01
6.484163155202643525e-02,4.768375540457072126e-01,5.092644581695676687e-01
3.520153080215295688e-02,4.793082149474984788e-01,5.092644581695676687e-01
3.283115586616489751e-02,4.793082149474984788e-01,5.098259404828747732e-01
1.815568150262726263e-02,4.817788758492896894e-01,5.098259404828747732e-01
1.586501516045929136e-02,4.817788758492896894e-01,5.103874227961818777e-01
1.525509574927983933e-02,4.823965410747375060e-01,5.103874227961818777e-01
1.503007739440628474e-02,4.823965410747375060e-01,5.109489051094890932e-01
9.681003603350410089e-03,4.842495367510809001e-01,5.109489051094890932e-01
8.076743004643635246e-03,4.842495367510809001e-01,5.115103874227961978e-01
7.845997272651783483e-03,4.848672019765287167e-01,5.115103874227961978e-01
4.289340038663051920e-03,4.848672019765287167e-01,5.137563166760247269e-01
4.286992130680745625e-03,4.854848672019765332e-01,5.137563166760247269e-01
3.853358937801644370e-03,4.854848672019765332e-01,5.143177989893318314e-01
3.193646375431744792e-03,4.861025324274243498e-01,5.143177989893318314e-01
3.044368942718793641e-03,4.861025324274243498e-01,5.160022459292532560e-01
2.725325624781060451e-03,4.867201976528721663e-01,5.160022459292532560e-01
2.417310935677909056e-03,4.867201976528721663e-01,5.171252105558674650e-01
2.235765408187274580e-03,4.873378628783199273e-01,5.171252105558674650e-01
1.936099234364316085e-03,4.873378628783199273e-01,5.176866928691745695e-01
1.903191192444237886e-03,4.879555281037677439e-01,5.176866928691745695e-01
1.483474363968112410e-03,4.879555281037677439e-01,5.182481751824817851e-01
8.048544027301311743e-04,4.898085237801111935e-01,5.182481751824817851e-01
7.699465635903197892e-04,4.898085237801111935e-01,5.188096574957888896e-01
6.828917818125319547e-04,4.910438542310067711e-01,5.188096574957888896e-01
5.011888109000510591e-04,4.910438542310067711e-01,5.199326221224030986e-01
4.807385830471973048e-04,4.922791846819024042e-01,5.199326221224030986e-01
3.597159427415925082e-04,4.922791846819024042e-01,5.210555867490174187e-01
3.461784703594765651e-04,4.928968499073502207e-01,5.210555867490174187e-01
3.316908364081390284e-04,4.928968499073502207e-01,5.216170690623245232e-01
1.449673922660151850e-04,4.947498455836936149e-01,5.216170690623245232e-01
1.135184402397900909e-04,4.947498455836936149e-01,5.221785513756316277e-01
7.052147910698993252e-05,4.972205064854848811e-01,5.221785513756316277e-01
5.617021725049374417e-05,4.972205064854848811e-01,5.227400336889388432e-01
3.781597336167617492e-05,5.009264978381716693e-01,5.227400336889388432e-01
2.488629871709337053e-05,5.009264978381716693e-01,5.238629983155530523e-01
1.890507290353260258e-05,5.027794935145151189e-01,5.238629983155530523e-01
1.136161741435323693e-05,5.027794935145151189e-01,5.266704098820886859e-01
9.970119444981862241e-06,5.033971587399629355e-01,5.266704098820886859e-01
7.804495951401911854e-06,5.033971587399629355e-01,5.272318921953957904e-01
6.949797992366278497e-06,5.040148239654107520e-01,5.272318921953957904e-01
6.321266036974086173e-06,5.040148239654107520e-01,5.283548568220101105e-01
5.142306858768983075e-06,5.058678196417542017e-01,5.283548568220101105e-01
5.117245889736793114e-06,5.058678196417542017e-01,5.289163391353172150e-01
2.971543192714755018e-06,5.064854848672020182e-01,5.289163391353172150e-01
2.641323696083107912e-06,5.064854848672020182e-01,5.294778214486243195e-01
2.420536036301860746e-06,5.077208153180975403e-01,5.294778214486243195e-01
2.087548709323667704e-06,5.077208153180975403e-01,5.300393037619315351e-01
1.137715891489796666e-06,5.095738109944409899e-01,5.300393037619315351e-01
6.452853834142101331e-07,5.095738109944409899e-01,5.328467153284671687e-01
4.478590272041177406e-07,5.108091414453366230e-01,5.328467153284671687e-01
3.238658020467733905e-07,5.108091414453366230e-01,5.334081976417742732e-01
3.203198870937853004e-07,5.114268066707844396e-01,5.334081976417742732e-01
3.076305434707966022e-07,5.114268066707844396e-01,5.345311622683885933e-01
2.972328781908222620e-07,5.120444718962322561e-01,5.345311622683885933e-01
2.749318523635536702e-07,5.120444718962322561e-01,5.350926445816956978e-01
2.464521931048849673e-07,5.126621371216800727e-01,5.350926445816956978e-01
2.300852214278463402e-07,5.126621371216800727e-01,5.362156092083099068e-01
1.861366742183970194e-07,5.138974675725757058e-01,5.362156092083099068e-01
1.667181868449532803e-07,5.138974675725757058e-01,5.367770915216171224e-01
8.718072886499887101e-08,5.151327980234712278e-01,5.367770915216171224e-01
7.800231560406974246e-08,5.151327980234712278e-01,5.373385738349242269e-01
7.334011951065590309e-08,5.157504632489190444e-01,5.373385738349242269e-01
5.515375839131110409e-08,5.157504632489190444e-01,5.390230207748455404e-01
4.677300419818016562e-08,5.163681284743668609e-01,5.390230207748455404e-01
2.287252174449031999e-08,5.163681284743668609e-01,5.401459854014598605e-01
2.200065070643182137e-08,5.169857936998146775e-01,5.401459854014598605e-01
1.969285484444518500e-08,5.169857936998146775e-01,5.407074677147669650e-01
1.821735087242773220e-08,5.176034589252624940e-01,5.407074677147669650e-01
1.540135079412738762e-08,5.176034589252624940e-01,5.412689500280740695e-01
7.577354525174753375e-09,5.200741198270537602e-01,5.412689500280740695e-01
7.238221710281365712e-09,5.200741198270537602e-01,5.418304323413812851e-01
7.111916985832284001e-09,5.206917850525015767e-01,5.418304323413812851e-01
4.279694047634106472e-09,5.206917850525015767e-01,5.429533969679954941e-01
3.636689551201107652e-09,5.213094502779493933e-01,5.429533969679954941e-01
2.009547052410747837e-09,5.213094502779493933e-01,5.435148792813025986e-01
1.831599652793113328e-09,5.219271155033972098e-01,5.435148792813025986e-01
1.571317711744522715e-09,5.219271155033972098e-01,5.440763615946098142e-01
6.104580409502264531e-10,5.231624459542927319e-01,5.440763615946098142e-01
6.085066279122769720e-10,5.231624459542927319e-01,5.446378439079169187e-01
5.668944049697715859e-10,5.237801111797405484e-01,5.446378439079169187e-01
3.988305160660907177e-10,5.237801111797405484e-01,5.451993262212240232e-01
3.572123422217021059e-10,5.256331068560839981e-01,5.451993262212240232e-01
2.426306574096719302e-10,5.256331068560839981e-01,5.463222908478383433e-01
2.242939123540784786e-10,5.262507720815318146e-01,5.463222908478383433e-01
1.248911809959067722e-10,5.262507720815318146e-01,5.485682201010667614e-01
1.095280615072043337e-10,5.268684373069796312e-01,5.485682201010667614e-01
1.031203113493586915e-10,5.268684373069796312e-01,5.491297024143739769e-01
8.417131748674507027e-11,5.274861025324274477e-01,5.491297024143739769e-01
3.559937616907170432e-11,5.274861025324274477e-01,5.519371139809096105e-01
3.201840231267399822e-11,5.287214329833230808e-01,5.519371139809096105e-01
2.640784185897575838e-11,5.287214329833230808e-01,5.524985962942167150e-01
9.302041020036224046e-12,5.330450895614576856e-01,5.524985962942167150e-01
8.687138130358184604e-12,5.330450895614576856e-01,5.530600786075238195e-01
7.804163183499776733e-12,5.336627547869055022e-01,5.530600786075238195e-01
5.872423184350565510e-12,5.336627547869055022e-01,5.547445255474452441e-01
5.170515070043923176e-12,5.342804200123533187e-01,5.547445255474452441e-01
4.772058261446413804e-12,5.342804200123533187e-01,5.553060078607523486e-01
4.617541743642463016e-12,5.348980852378011352e-01,5.553060078607523486e-01
4.390227169473903545e-12,5.348980852378011352e-01,5.558674901740595642e-01
2.026082441937580820e-12,5.361334156886967683e-01,5.558674901740595642e-01
8.912597908319587932e-13,5.361334156886967683e-01,5.581134194272880933e-01
8.910727750775680190e-13,5.367510809141445849e-01,5.581134194272880933e-01
4.977999533755830499e-13,5.367510809141445849e-01,5.592363840539023023e-01
3.900644944466822939e-13,5.373687461395922904e-01,5.592363840539023023e-01
2.883776445159167730e-13,5.373687461395922904e-01,5.603593486805165114e-01
2.719080088474554786e-13,5.379864113650401070e-01,5.603593486805165114e-01
2.465808518900845073e-13,5.379864113650401070e-01,5.609208309938237269e-01
2.412929955746169836e-13,5.386040765904879235e-01,5.609208309938237269e-01
1.648708065866615189e-13,5.386040765904879235e-01,5.614823133071308314e-01
1.423812300723054390e-13,5.392217418159357400e-01,5.614823133071308314e-01
1.400143003975073731e-13,5.392217418159357400e-01,5.620437956204379359e-01
1.220783056660714533e-13,5.398394070413835566e-01,5.620437956204379359e-01
1.018213664834494761e-13,5.398394070413835566e-01,5.631667602470522560e-01
9.233352660436501232e-14,5.404570722668313731e-01,5.631667602470522560e-01
8.625127559024075167e-14,5.404570722668313731e-01,5.642897248736664650e-01
5.150476415201669175e-14,5.435453983940704559e-01,5.642897248736664650e-01
4.612153398760858387e-14,5.435453983940704559e-01,5.654126895002807851e-01
4.335986816303561505e-14,5.441630636195182724e-01,5.654126895002807851e-01
3.424031452156281669e-14,5.441630636195182724e-01,5.665356541268949941e-01
2.483090089425081829e-14,5.466337245213094276e-01,5.665356541268949941e-01
1.642597818951348331e-14,5.466337245213094276e-01,5.682201010668164187e-01
1.553632239772731574e-14,5.478690549722050607e-01,5.682201010668164187e-01
1.520824146269238870e-14,5.478690549722050607e-01,5.693430656934306278e-01
1.120633432757243125e-14,5.503397158739963269e-01,5.693430656934306278e-01
7.839395420836406716e-15,5.503397158739963269e-01,5.704660303200449478e-01
5.000482583644449703e-15,5.521927115503396655e-01,5.704660303200449478e-01
4.988818983155236016e-15,5.521927115503396655e-01,5.710275126333520523e-01
4.166872722272871667e-15,5.546633724521309317e-01,5.710275126333520523e-01
4.086660790438177408e-15,5.546633724521309317e-01,5.715889949466591569e-01
3.093067240852470006e-15,5.552810376775787482e-01,5.715889949466591569e-01
2.259076379285822410e-15,5.552810376775787482e-01,5.727119595732734769e-01
1.973659938959522658e-15,5.558987029030265647e-01,5.727119595732734769e-01
1.691161210240942014e-15,5.558987029030265647e-01,5.732734418865805814e-01
1.688353122325085617e-15,5.565163681284743813e-01,5.732734418865805814e-01
1.312908887887120742e-15,5.565163681284743813e-01,5.743964065131947905e-01
1.029505490256038082e-15,5.577516985793700144e-01,5.743964065131947905e-01
8.888869937935960851e-16,5.577516985793700144e-01,5.755193711398091105e-01
8.136460589842895565e-16,5.596046942557133530e-01,5.755193711398091105e-01
5.423221923727247915e-16,5.596046942557133530e-01,5.766423357664233196e-01
4.260447896349941006e-16,5.614576899320568026e-01,5.766423357664233196e-01
3.246780928392243696e-16,5.614576899320568026e-01,5.772038180797305351e-01
1.671557402488504042e-16,5.657813465101915185e-01,5.772038180797305351e-01
1.338779228719558523e-16,5.657813465101915185e-01,5.777653003930376396e-01
1.239005381652792905e-16,5.663990117356393350e-01,5.777653003930376396e-01
9.936644053738066497e-17,5.663990117356393350e-01,5.783267827063447442e-01
5.037064104604010018e-17,5.676343421865348571e-01,5.783267827063447442e-01
2.932905400876861721e-17,5.676343421865348571e-01,5.800112296462661687e-01
2.614295911320484657e-17,5.682520074119826736e-01,5.800112296462661687e-01
2.016281116292009118e-17,5.682520074119826736e-01,5.805727119595732733e-01
1.082054025017304666e-17,5.701050030883261233e-01,5.805727119595732733e-01
9.921381936315456104e-18,5.701050030883261233e-01,5.816956765861874823e-01
9.034281937386375919e-18,5.713403335392217564e-01,5.816956765861874823e-01
4.842316376591591138e-18,5.713403335392217564e-01,5.839416058394160114e-01
4.027841365718814060e-18,5.719579987646695729e-01,5.839416058394160114e-01
3.725282853457771964e-18,5.719579987646695729e-01,5.845030881527232269e-01
2.429774388403069524e-18,5.756639901173563612e-01,5.845030881527232269e-01
2.029685405202155367e-18,5.756639901173563612e-01,5.856260527793374360e-01
1.664546941149652832e-18,5.762816553428041777e-01,5.856260527793374360e-01
1.591030452674894028e-18,5.762816553428041777e-01,5.861875350926445405e-01
1.485858137802371394e-18,5.775169857936998108e-01,5.861875350926445405e-01
1.048230119125401434e-18,5.775169857936998108e-01,5.873104997192588606e-01
7.900480627291392183e-19,5.793699814700432604e-01,5.873104997192588606e-01
6.046129883816394978e-19,5.793699814700432604e-01,5.889949466591802851e-01
5.086508052768972664e-19,5.806053119209388935e-01,5.889949466591802851e-01
4.644107743356808639e-19,5.806053119209388935e-01,5.895564289724873897e-01
4.617144842405570405e-19,5.812229771463867101e-01,5.895564289724873897e-01
4.517745022149307578e-19,5.812229771463867101e-01,5.901179112857944942e-01
2.985821468075264888e-19,5.843113032736256818e-01,5.901179112857944942e-01
1.186289620042675348e-19,5.843113032736256818e-01,5.923638405390230233e-01
1.006476365645480469e-19,5.855466337245213149e-01,5.923638405390230233e-01
6.738944734906882932e-20,5.855466337245213149e-01,5.934868051656372323e-01
6.467309315713469805e-20,5.861642989499691314e-01,5.934868051656372323e-01
5.336213493014622016e-20,5.861642989499691314e-01,5.940482874789444478e-01
4.466079103810133356e-20,5.880172946263125811e-01,5.940482874789444478e-01
3.757524316617002579e-20,5.880172946263125811e-01,5.957327344188657614e-01
2.756032586016781776e-20,5.886349598517603976e-01,5.957327344188657614e-01
2.084053798743136081e-20,5.886349598517603976e-01,5.962942167321729769e-01
1.875855063009296600e-20,5.898702903026559197e-01,5.962942167321729769e-01
1.233747828636273302e-20,5.898702903026559197e-01,5.974171813587871860e-01
9.805471445571550591e-21,5.911056207535515528e-01,5.974171813587871860e-01
7.416314062525969726e-21,5.911056207535515528e-01,5.979786636720942905e-01
3.925460188006156152e-21,5.929586164298950024e-01,5.979786636720942905e-01
3.347007202876597494e-21,5.929586164298950024e-01,5.985401459854015060e-01
3.128067632082675225e-21,5.935762816553428189e-01,5.985401459854015060e-01
2.803376589074112314e-21,5.935762816553428189e-01,5.996631106120157151e-01
2.657498169455194558e-21,5.941939468807906355e-01,5.996631106120157151e-01
2.382445391778644638e-21,5.941939468807906355e-01,6.002245929253228196e-01
1.162913777125321542e-21,5.985176034589252403e-01,6.002245929253228196e-01
1.156302552800316452e-21,5.985176034589252403e-01,6.007860752386300351e-01
1.156112342046651727e-21,5.991352686843730568e-01,6.007860752386300351e-01
8.055069467316586548e-22,5.991352686843730568e-01,6.024705221785513487e-01
5.479955640413333181e-22,6.022235948116121396e-01,6.024705221785513487e-01
4.457353779125289200e-22,6.022235948116121396e-01,6.030320044918584532e-01
3.417937436282352019e-22,6.040765904879554782e-01,6.030320044918584532e-01
3.062335382098921337e-22,6.040765904879554782e-01,6.047164514317798778e-01
2.617249231925505872e-22,6.053119209388511113e-01,6.047164514317798778e-01
2.507911965445827328e-22,6.053119209388511113e-01,6.052779337450869823e-01
2.367125236351029609e-22,6.065472513897467444e-01,6.052779337450869823e-01
1.622472853150458768e-22,6.065472513897467444e-01,6.069623806850084069e-01
1.493431866636512664e-22,6.071649166151945609e-01,6.069623806850084069e-01
1.435001427683742360e-22,6.071649166151945609e-01,6.075238629983155114e-01
1.423862887942134679e-22,6.077825818406423775e-01,6.075238629983155114e-01
1.342097928469053362e-22,6.077825818406423775e-01,6.086468276249298315e-01
1.247486409836129864e-22,6.096355775169858271e-01,6.086468276249298315e-01
1.245585263177031224e-22,6.096355775169858271e-01,6.092083099382369360e-01
1.026553951178233731e-22,6.108709079678814602e-01,6.092083099382369360e-01
1.016118266754332150e-22,6.108709079678814602e-01,6.097697922515440405e-01
6.605527984971465748e-23,6.127239036442247988e-01,6.097697922515440405e-01
5.266146795785918749e-23,6.127239036442247988e-01,6.108927568781583606e-01
4.509973213492783221e-23,6.133415688696726153e-01,6.108927568781583606e-01
2.375433801758830032e-23,6.133415688696726153e-01,6.125772038180797852e-01
1.842533505306433436e-23,6.145768993205682484e-01,6.125772038180797852e-01
1.716294269485832812e-23,6.145768993205682484e-01,6.137001684446939942e-01
1.372778316954227496e-23,6.151945645460160650e-01,6.137001684446939942e-01
1.262209207744026153e-23,6.151945645460160650e-01,6.142616507580010987e-01
9.133435170780761962e-24,6.176652254478073312e-01,6.142616507580010987e-01
6.981898902720600434e-24,6.176652254478073312e-01,6.148231330713082032e-01
3.948937615838318844e-24,6.195182211241506698e-01,6.148231330713082032e-01
3.898184472153690685e-24,6.195182211241506698e-01,6.153846153846154188e-01
3.737875211579378304e-24,6.207535515750463029e-01,6.153846153846154188e-01
3.260631831410696305e-24,6.207535515750463029e-01,6.165075800112296278e-01
2.979396943816308076e-24,6.213712168004941194e-01,6.165075800112296278e-01
2.074576987266542654e-24,6.213712168004941194e-01,6.187535092644581569e-01
2.055141852159727608e-24,6.219888820259419360e-01,6.187535092644581569e-01
1.754913545552779955e-24,6.219888820259419360e-01,6.193149915777652614e-01
1.370596738950187020e-24,6.226065472513897525e-01,6.193149915777652614e-01
1.359306284793197479e-24,6.226065472513897525e-01,6.198764738910724770e-01
1.280498321204750494e-24,6.232242124768375691e-01,6.198764738910724770e-01
8.967112125556227508e-25,6.232242124768375691e-01,6.215609208309937905e-01
4.358054436791042768e-25,6.250772081531810187e-01,6.215609208309937905e-01
2.396470955328826371e-25,6.250772081531810187e-01,6.226838854576081106e-01
2.301894136984609130e-25,6.256948733786288352e-01,6.226838854576081106e-01
1.839987331195704377e-25,6.256948733786288352e-01,6.232453677709152151e-01
1.834188152579562510e-25,6.263125386040765408e-01,6.232453677709152151e-01
1.764458058851573276e-25,6.263125386040765408e-01,6.238068500842223196e-01
1.695835005130685728e-25,6.269302038295243573e-01,6.238068500842223196e-01
1.566415401012144723e-25,6.269302038295243573e-01,6.249298147108366397e-01
1.549917359242712771e-25,6.275478690549721739e-01,6.249298147108366397e-01
1.054594438193180057e-25,6.275478690549721739e-01,6.254912970241437442e-01
1.039457605507282757e-25,6.281655342804199904e-01,6.254912970241437442e-01
5.994911668497654781e-26,6.281655342804199904e-01,6.271757439640651688e-01
5.192762628845798410e-26,6.312538604076590731e-01,6.271757439640651688e-01
2.749454013366559612e-26,6.312538604076590731e-01,6.282987085906793778e-01
2.149477974499629671e-26,6.337245213094502283e-01,6.282987085906793778e-01
2.032411084019973728e-26,6.337245213094502283e-01,6.288601909039864823e-01
1.595707204422892668e-26,6.349598517603458614e-01,6.288601909039864823e-01
1.489497946961209324e-26,6.349598517603458614e-01,6.294216732172936979e-01
1.203960490600777506e-26,6.355775169857936779e-01,6.294216732172936979e-01
1.185125770930186476e-26,6.355775169857936779e-01,6.299831555306008024e-01
1.086048744141072402e-26,6.368128474366893110e-01,6.299831555306008024e-01
1.060664439006662673e-26,6.368128474366893110e-01,6.305446378439079069e-01
9.962060987504510382e-27,6.374305126621371276e-01,6.305446378439079069e-01
9.649474594568869325e-27,6.374305126621371276e-01,6.311061201572150114e-01
7.285974952495624540e-27,6.380481778875849441e-01,6.311061201572150114e-01
6.083808968834611325e-27,6.380481778875849441e-01,6.316676024705222270e-01
5.524610440176168047e-27,6.392835083384805772e-01,6.316676024705222270e-01
5.256164812495965155e-27,6.392835083384805772e-01,6.327905670971364360e-01
3.897757673770279341e-27,6.405188387893762103e-01,6.327905670971364360e-01
2.779852301007753348e-27,6.405188387893762103e-01,6.344750140370578606e-01
1.571783704686009085e-27,6.448424953675108151e-01,6.344750140370578606e-01
1.114859564226358895e-27,6.448424953675108151e-01,6.372824256035934942e-01
4.298896539549185966e-28,6.466954910438542647e-01,6.372824256035934942e-01
3.571131338389203144e-28,6.466954910438542647e-01,6.378439079169005987e-01
3.000550445472032450e-28,6.485484867201976034e-01,6.378439079169005987e-01
2.949536823371502005e-28,6.485484867201976034e-01,6.384053902302077033e-01
1.564146580342838982e-28,6.504014823965410530e-01,6.384053902302077033e-01
8.103933480207048521e-29,6.504014823965410530e-01,6.395283548568220233e-01
6.948670760767111765e-29,6.510191476219888695e-01,6.395283548568220233e-01
5.589656517334653325e-29,6.510191476219888695e-01,6.400898371701291278e-01
4.207114230984010404e-29,6.516368128474366861e-01,6.400898371701291278e-01
2.879676284905058562e-29,6.516368128474366861e-01,6.412128017967434479e-01
2.075975352402359525e-29,6.541074737492279523e-01,6.412128017967434479e-01
1.732575811533090912e-29,6.541074737492279523e-01,6.428972487366647615e-01
1.426700520613645435e-29,6.547251389746757688e-01,6.428972487366647615e-01
1.122446535402307855e-29,6.547251389746757688e-01,6.440202133632790815e-01
9.789299354230279878e-30,6.553428042001235854e-01,6.440202133632790815e-01
9.341294393108226460e-30,6.553428042001235854e-01,6.445816956765861860e-01
6.721033845734619514e-30,6.571957998764669240e-01,6.445816956765861860e-01
2.278969953632270889e-30,6.571957998764669240e-01,6.457046603032003951e-01
2.229127270351865160e-30,6.578134651019147405e-01,6.457046603032003951e-01
1.769582410723417244e-30,6.578134651019147405e-01,6.479505895564289242e-01
1.422856242311691772e-30,6.584311303273625571e-01,6.479505895564289242e-01
1.401746394550269332e-30,6.584311303273625571e-01,6.485120718697361397e-01
1.022537581835748549e-30,6.590487955528103736e-01,6.485120718697361397e-01
7.385592512106813579e-31,6.590487955528103736e-01,6.490735541830432442e-01
7.347132945688693326e-31,6.596664607782581902e-01,6.490735541830432442e-01
5.213148880267350109e-31,6.596664607782581902e-01,6.496350364963503488e-01
4.917448713241121844e-31,6.602841260037060067e-01,6.496350364963503488e-01
4.326230969444376933e-31,6.602841260037060067e-01,6.501965188096574533e-01
2.762595172249407912e-31,6.621371216800494564e-01,6.501965188096574533e-01
2.313501986526835920e-31,6.621371216800494564e-01,6.513194834362717733e-01
1.829598108131231663e-31,6.633724521309449784e-01,6.513194834362717733e-01
1.591075552193520244e-31,6.633724521309449784e-01,6.518809657495788779e-01
1.418210419456334960e-31,6.646077825818406115e-01,6.518809657495788779e-01
1.243429863235954589e-31,6.646077825818406115e-01,6.524424480628859824e-01
1.218232180653251815e-31,6.652254478072884281e-01,6.524424480628859824e-01
9.953267963488228228e-32,6.652254478072884281e-01,6.535654126895003024e-01
6.486242605204825367e-32,6.658431130327362446e-01,6.535654126895003024e-01
6.313620192946176395e-32,6.658431130327362446e-01,6.541268950028074070e-01
5.415148829560677563e-32,6.676961087090796942e-01,6.541268950028074070e-01
2.069966687647063362e-32,6.676961087090796942e-01,6.558113419427288315e-01
4.547523060465156597e-33,6.732550957381099321e-01,6.558113419427288315e-01
3.681522701104296741e-33,6.732550957381099321e-01,6.569343065693430406e-01
3.333167942971729289e-33,6.744904261890055652e-01,6.569343065693430406e-01
3.232936112882685745e-33,6.744904261890055652e-01,6.574957888826501451e-01
2.464509364731488261e-33,6.757257566399011983e-01,6.574957888826501451e-01
2.167970482342254291e-33,6.757257566399011983e-01,6.586187535092644652e-01
2.060388888467313981e-33,6.763434218653490149e-01,6.586187535092644652e-01
1.694977752561818660e-33,6.763434218653490149e-01,6.591802358225715697e-01
1.507319324333348240e-33,6.769610870907968314e-01,6.591802358225715697e-01
1.227480650796340894e-33,6.769610870907968314e-01,6.597417181358786742e-01
1.078877056123952828e-33,6.775787523162446480e-01,6.597417181358786742e-01
8.781712102611728610e-34,6.775787523162446480e-01,6.608646827624929943e-01
6.750594707221294246e-34,6.781964175416923535e-01,6.608646827624929943e-01
6.468398934672666341e-34,6.781964175416923535e-01,6.614261650758000988e-01
4.168679231508136263e-34,6.794317479925879866e-01,6.614261650758000988e-01
3.370803795542530198e-34,6.794317479925879866e-01,6.625491297024144188e-01
2.936290183234003117e-34,6.800494132180358031e-01,6.625491297024144188e-01
2.878904403274284278e-34,6.800494132180358031e-01,6.631106120157215233e-01
2.759503431675172928e-34,6.806670784434836197e-01,6.631106120157215233e-01
2.716523476186793234e-34,6.806670784434836197e-01,6.636720943290286279e-01
2.599952402978842447e-34,6.819024088943792528e-01,6.636720943290286279e-01
2.500013813806033139e-34,6.819024088943792528e-01,6.642335766423357324e-01
1.111536336210956512e-34,6.849907350216183355e-01,6.642335766423357324e-01
1.034233659172276727e-34,6.849907350216183355e-01,6.647950589556429479e-01
9.644511382591631705e-35,6.856084002470660410e-01,6.647950589556429479e-01
7.452660445513049422e-35,6.856084002470660410e-01,6.659180235822571570e-01
5.834107154558938311e-35,6.868437306979616741e-01,6.659180235822571570e-01
5.342599132341503567e-35,6.868437306979616741e-01,6.664795058955642615e-01
5.181366826109138518e-35,6.874613959234094906e-01,6.664795058955642615e-01
4.110640177158537443e-35,6.874613959234094906e-01,6.676024705221785815e-01
2.693437404191421428e-35,6.899320568252007568e-01,6.676024705221785815e-01
2.499323871211245541e-35,6.899320568252007568e-01,6.681639528354856861e-01
2.122431195472089543e-35,6.911673872760963899e-01,6.681639528354856861e-01
1.860719626481492947e-35,6.911673872760963899e-01,6.687254351487927906e-01
1.652769014489643562e-35,6.917850525015442065e-01,6.687254351487927906e-01
5.767098371255840246e-36,6.917850525015442065e-01,6.715328467153284242e-01
4.727104998515784899e-36,6.936380481778875451e-01,6.715328467153284242e-01
3.535320249527962112e-36,6.936380481778875451e-01,6.732172936552498488e-01
2.670674700942461149e-36,6.948733786287831782e-01,6.732172936552498488e-01
2.513792875792692260e-36,6.948733786287831782e-01,6.737787759685569533e-01
2.104730572934938347e-36,6.967263743051266278e-01,6.737787759685569533e-01
1.641009022156470998e-36,6.967263743051266278e-01,6.743402582818641688e-01
1.437914185978419121e-36,6.979617047560222609e-01,6.743402582818641688e-01
7.822278573580833975e-37,6.979617047560222609e-01,6.765861875350926979e-01
5.207575182961287489e-37,6.991970352069178940e-01,6.765861875350926979e-01
3.820157598699685624e-37,6.991970352069178940e-01,6.788321167883211160e-01
2.668834450620986306e-37,6.998147004323657105e-01,6.788321167883211160e-01
2.594167336080197380e-37,6.998147004323657105e-01,6.793935991016283316e-01
1.616939118304810696e-37,7.010500308832612326e-01,6.793935991016283316e-01
9.146074532210429510e-38,7.010500308832612326e-01,6.822010106681639652e-01
8.420184434550458863e-38,7.022853613341568657e-01,6.822010106681639652e-01
8.093383507757564498e-38,7.022853613341568657e-01,6.833239752947781742e-01
7.767149437892757744e-38,7.029030265596046823e-01,6.833239752947781742e-01
7.737117914411009250e-38,7.029030265596046823e-01,6.838854576080853898e-01
7.428700137505708447e-38,7.035206917850524988e-01,6.838854576080853898e-01
6.618384101728683756e-38,7.035206917850524988e-01,6.844469399213924943e-01
6.284951583129669434e-38,7.041383570105003153e-01,6.844469399213924943e-01
5.818829446270535452e-38,7.041383570105003153e-01,6.850084222346995988e-01
5.561581899989281142e-38,7.047560222359481319e-01,6.850084222346995988e-01
2.432992852374572912e-38,7.047560222359481319e-01,6.872543514879281279e-01
1.074460052808586974e-38,7.066090179122915815e-01,6.872543514879281279e-01
5.520940622454689837e-39,7.066090179122915815e-01,6.895002807411566570e-01
4.446810130864378015e-39,7.072266831377393981e-01,6.895002807411566570e-01
3.778597961475351586e-39,7.072266831377393981e-01,6.900617630544637615e-01
2.739678644010048986e-39,7.096973440395305532e-01,6.900617630544637615e-01
1.381433833731434275e-39,7.096973440395305532e-01,6.928691746209993951e-01
7.548453087902639882e-40,7.127856701667696360e-01,6.928691746209993951e-01
7.487093803366167639e-40,7.127856701667696360e-01,6.934306569343066107e-01
5.215748771385043477e-40,7.152563310685607911e-01,6.934306569343066107e-01
2.548662707252876888e-40,7.152563310685607911e-01,6.967995508141493488e-01
1.861120271585312700e-40,7.158739962940086077e-01,6.967995508141493488e-01
1.310645788224750014e-40,7.158739962940086077e-01,6.979225154407636689e-01
6.521186240983740679e-41,7.195799876466955070e-01,6.979225154407636689e-01
2.892593531510026565e-41,7.195799876466955070e-01,6.990454800673778779e-01
1.825125342388450924e-41,7.220506485484867731e-01,6.990454800673778779e-01
1.303243453531242158e-41,7.220506485484867731e-01,7.007299270072993025e-01
8.778551741296871447e-42,7.226683137739344787e-01,7.007299270072993025e-01
6.418772732047770779e-42,7.226683137739344787e-01,7.012914093206064070e-01
5.584984352549059010e-42,7.239036442248301118e-01,7.012914093206064070e-01
1.791106204642297340e-42,7.239036442248301118e-01,7.024143739472206160e-01
1.239123599119900315e-42,7.257566399011735614e-01,7.024143739472206160e-01
1.049137001200382791e-42,7.257566399011735614e-01,7.029758562605278316e-01
1.035652572726414808e-42,7.269919703520691945e-01,7.029758562605278316e-01
8.357139011904081415e-43,7.269919703520691945e-01,7.035373385738349361e-01
7.855673484415586292e-43,7.276096355775170110e-01,7.035373385738349361e-01
6.633250314171758394e-43,7.276096355775170110e-01,7.052217855137563607e-01
4.811865994222928423e-43,7.294626312538604607e-01,7.052217855137563607e-01
4.230929458976512186e-43,7.294626312538604607e-01,7.057832678270634652e-01
4.132103737930176301e-43,7.300802964793081662e-01,7.057832678270634652e-01
3.551037320099838987e-43,7.300802964793081662e-01,7.063447501403705697e-01
3.411906010496886837e-43,7.306979617047559827e-01,7.063447501403705697e-01
3.175699354915754468e-43,7.306979617047559827e-01,7.069062324536776742e-01
1.893404400768074685e-43,7.337862878319950655e-01,7.069062324536776742e-01
1.315042172261380592e-43,7.337862878319950655e-01,7.080291970802919943e-01
1.303110881454696877e-43,7.344039530574428820e-01,7.080291970802919943e-01
1.150016439727921188e-43,7.344039530574428820e-01,7.091521617069062033e-01
8.511503965762385823e-44,7.362569487337863317e-01,7.091521617069062033e-01
6.537713705480208872e-44,7.362569487337863317e-01,7.102751263335205234e-01
6.002986478868963337e-44,7.368746139592341482e-01,7.102751263335205234e-01
5.342765264156873339e-44,7.368746139592341482e-01,7.113980909601347324e-01
3.900191604153360067e-44,7.387276096355774868e-01,7.113980909601347324e-01
3.437924478463535706e-44,7.387276096355774868e-01,7.119595732734418370e-01
1.643710012434088524e-44,7.411982705373687530e-01,7.119595732734418370e-01
7.502945533725821771e-45,7.411982705373687530e-01,7.125210555867490525e-01
5.915779140649618431e-45,7.418159357628165695e-01,7.125210555867490525e-01
3.894014240547220611e-45,7.418159357628165695e-01,7.130825379000561570e-01
2.600152446098716735e-45,7.424336009882643861e-01,7.130825379000561570e-01
2.075071378929290999e-45,7.424336009882643861e-01,7.142055025266703661e-01
1.930854876603259922e-45,7.430512662137122026e-01,7.142055025266703661e-01
1.903821529594502984e-45,7.430512662137122026e-01,7.147669848399775816e-01
1.898019903201590890e-45,7.436689314391600192e-01,7.147669848399775816e-01
1.852353886128136473e-45,7.436689314391600192e-01,7.153284671532846861e-01
1.467255712026362069e-45,7.449042618900555413e-01,7.153284671532846861e-01
3.166364469101485716e-46,7.449042618900555413e-01,7.175743964065132152e-01
3.123585294810386703e-46,7.455219271155033578e-01,7.175743964065132152e-01
2.089559937501087967e-46,7.455219271155033578e-01,7.186973610331274243e-01
2.032321303617048736e-46,7.461395923409511743e-01,7.186973610331274243e-01
1.573295680446115666e-46,7.461395923409511743e-01,7.203818079730488488e-01
1.441165710462277417e-46,7.473749227918468074e-01,7.203818079730488488e-01
1.157467660592187831e-46,7.473749227918468074e-01,7.209432902863559534e-01
6.889760898527549183e-47,7.516985793699815233e-01,7.209432902863559534e-01
5.451339194800107814e-47,7.516985793699815233e-01,7.226277372262773779e-01
1.622246585888121484e-47,7.554045707226683115e-01,7.226277372262773779e-01
1.394708616747904129e-47,7.554045707226683115e-01,7.237507018528915870e-01
1.352491192743761485e-47,7.560222359481161281e-01,7.237507018528915870e-01
1.238716096880309099e-47,7.560222359481161281e-01,7.243121841661988025e-01
1.229932999801663198e-47,7.566399011735639446e-01,7.243121841661988025e-01
9.973100293367716226e-48,7.566399011735639446e-01,7.254351487928130116e-01
3.022016668683720933e-48,7.591105620753552108e-01,7.254351487928130116e-01
2.864983989218466705e-48,7.591105620753552108e-01,7.259966311061201161e-01
1.701760288021613065e-48,7.609635577516985494e-01,7.259966311061201161e-01
1.064799507035979278e-48,7.609635577516985494e-01,7.271195957327344361e-01
9.136262246323794206e-49,7.621988882025941825e-01,7.271195957327344361e-01
5.014221316469264762e-49,7.621988882025941825e-01,7.276810780460415407e-01
4.358747067596696790e-49,7.634342186534898156e-01,7.276810780460415407e-01
3.878376255794094171e-49,7.634342186534898156e-01,7.282425603593486452e-01
3.651384799835995313e-49,7.646695491043854487e-01,7.282425603593486452e-01
2.936472356632603714e-49,7.646695491043854487e-01,7.288040426726558607e-01
2.659852764630215467e-49,7.652872143298332652e-01,7.288040426726558607e-01
2.241985438371241232e-49,7.652872143298332652e-01,7.304884896125771743e-01
1.576799659029317822e-49,7.665225447807288983e-01,7.304884896125771743e-01
1.454153042285954761e-49,7.665225447807288983e-01,7.310499719258843898e-01
9.502398943258544206e-50,7.671402100061766038e-01,7.310499719258843898e-01
9.355155565575400064e-50,7.671402100061766038e-01,7.316114542391914943e-01
4.507628710571101626e-50,7.702285361334156866e-01,7.316114542391914943e-01
4.336877683743267504e-50,7.702285361334156866e-01,7.321729365524985989e-01
1.821125862332245881e-50,7.726991970352069528e-01,7.321729365524985989e-01
1.656533010394203426e-50,7.726991970352069528e-01,7.327344188658057034e-01
4.433650022626452396e-51,7.776405188387893741e-01,7.327344188658057034e-01
3.531770905883206017e-51,7.776405188387893741e-01,7.349803481190342325e-01
2.855967022496743492e-51,7.782581840642371906e-01,7.349803481190342325e-01
2.510715429721242124e-51,7.782581840642371906e-01,7.355418304323413370e-01
1.504890647111196809e-51,7.801111797405806403e-01,7.355418304323413370e-01
1.467520361746387020e-51,7.801111797405806403e-01,7.366647950589556570e-01
1.035003586888107818e-51,7.819641754169239789e-01,7.366647950589556570e-01
7.278275006825413248e-52,7.819641754169239789e-01,7.377877596855698661e-01
5.197860136838134770e-52,7.825818406423717954e-01,7.377877596855698661e-01
4.727308325505579504e-52,7.825818406423717954e-01,7.383492419988770816e-01
4.031498568689151327e-52,7.831995058678196120e-01,7.383492419988770816e-01
1.226365811027066395e-52,7.831995058678196120e-01,7.422796181920269243e-01
1.058368688760634838e-52,7.844348363187152451e-01,7.422796181920269243e-01
5.394548709679408369e-53,7.844348363187152451e-01,7.439640651319483489e-01
4.932322251620808297e-53,7.850525015441630616e-01,7.439640651319483489e-01
2.531353927772438604e-53,7.850525015441630616e-01,7.462099943851768780e-01
2.161290668767869010e-53,7.856701667696108782e-01,7.462099943851768780e-01
1.616150362917917014e-53,7.856701667696108782e-01,7.467714766984839825e-01
1.386973846029513978e-53,7.869054972205065113e-01,7.467714766984839825e-01
1.186029989573513608e-53,7.869054972205065113e-01,7.478944413250983025e-01
1.112841704909116178e-53,7.875231624459543278e-01,7.478944413250983025e-01
1.063940882398606375e-53,7.875231624459543278e-01,7.484559236384054071e-01
9.823140590930222049e-54,7.881408276714021444e-01,7.484559236384054071e-01
8.063118573807892076e-54,7.881408276714021444e-01,7.495788882650196161e-01
6.066665538602810008e-54,7.899938233477454830e-01,7.495788882650196161e-01
2.669639553245507183e-54,7.899938233477454830e-01,7.523862998315553607e-01
2.260287128129289388e-54,7.912291537986411161e-01,7.523862998315553607e-01
1.927171700685085977e-54,7.912291537986411161e-01,7.529477821448624653e-01
1.511064141510788204e-54,7.924644842495367492e-01,7.529477821448624653e-01
7.747316842313011000e-55,7.924644842495367492e-01,7.551937113980909944e-01
6.019712043383500586e-55,7.943174799258801988e-01,7.551937113980909944e-01
2.480587868544894950e-55,7.943174799258801988e-01,7.563166760247052034e-01
1.804534829331101748e-55,7.961704756022236484e-01,7.563166760247052034e-01
9.985396216666915355e-56,7.961704756022236484e-01,7.580011229646266280e-01
7.359526593597238604e-56,7.967881408276713540e-01,7.580011229646266280e-01
5.397138532600651587e-56,7.967881408276713540e-01,7.591240875912408370e-01
2.641633035797130566e-56,7.992588017294626201e-01,7.591240875912408370e-01
1.868098679035521810e-56,7.992588017294626201e-01,7.608085345311622616e-01
1.373603485444960601e-56,8.017294626312538863e-01,7.608085345311622616e-01
7.626049560312893344e-57,8.017294626312538863e-01,7.613700168444693661e-01
6.666127352297166864e-57,8.023471278567017029e-01,7.613700168444693661e-01
6.569120810785683996e-57,8.023471278567017029e-01,7.619314991577765817e-01
3.631561334347025049e-57,8.060531192093884911e-01,7.619314991577765817e-01
2.842473346641265545e-57,8.060531192093884911e-01,7.630544637843907907e-01
1.312127271000617116e-57,8.079061148857319408e-01,7.630544637843907907e-01
7.219109173055595063e-58,8.079061148857319408e-01,7.641774284110049997e-01
6.801916252022379328e-58,8.085237801111797573e-01,7.641774284110049997e-01
4.974602888835243476e-58,8.085237801111797573e-01,7.653003930376193198e-01
4.406127658292041074e-58,8.091414453366275739e-01,7.653003930376193198e-01
2.673182897682741273e-58,8.091414453366275739e-01,7.658618753509264243e-01
2.385425893255829988e-58,8.097591105620753904e-01,7.658618753509264243e-01
2.274241347903597429e-58,8.097591105620753904e-01,7.669848399775407444e-01
9.438724713454483003e-59,8.116121062384187290e-01,7.669848399775407444e-01
9.283747502489824750e-59,8.116121062384187290e-01,7.675463222908478489e-01
7.617870087989433426e-59,8.134651019147621787e-01,7.675463222908478489e-01
7.581369988233463817e-59,8.134651019147621787e-01,7.681078046041549534e-01
5.014876539656980676e-59,8.159357628165534448e-01,7.681078046041549534e-01
3.468092335015328835e-59,8.159357628165534448e-01,7.692307692307692735e-01
1.491978685784993621e-59,8.171710932674490779e-01,7.692307692307692735e-01
8.826130629017553719e-60,8.171710932674490779e-01,7.703537338573834825e-01
7.931370220194583853e-60,8.184064237183447110e-01,7.703537338573834825e-01
6.422764465518173534e-60,8.184064237183447110e-01,7.720381807973049071e-01
3.336100551606393745e-60,8.190240889437924166e-01,7.720381807973049071e-01
2.945106873742575847e-60,8.190240889437924166e-01,7.725996631106120116e-01
2.715596444375916074e-61,8.245830759728227655e-01,7.725996631106120116e-01
2.497611464389366959e-61,8.245830759728227655e-01,7.731611454239191161e-01
1.282499020843306417e-61,8.270537368746139206e-01,7.731611454239191161e-01
1.101703855900774123e-61,8.270537368746139206e-01,7.742841100505334362e-01
8.793932883475080109e-62,8.276714021000617372e-01,7.742841100505334362e-01
6.693827904910403066e-62,8.276714021000617372e-01,7.759685569904547497e-01
6.394766209359748338e-62,8.289067325509573703e-01,7.759685569904547497e-01
6.384167544898920921e-62,8.289067325509573703e-01,7.765300393037619653e-01
1.847567753939876668e-62,8.338480543545397916e-01,7.765300393037619653e-01
1.760106002283404180e-62,8.338480543545397916e-01,7.770915216170690698e-01
1.750603412497749164e-62,8.344657195799876082e-01,7.770915216170690698e-01
9.994236490946374755e-63,8.344657195799876082e-01,7.776530039303761743e-01
7.567544565475503815e-63,8.363187152563310578e-01,7.776530039303761743e-01
7.559285731602629779e-63,8.363187152563310578e-01,7.782144862436832788e-01
4.293039076887526936e-63,8.375540457072266909e-01,7.782144862436832788e-01
2.495445684812304614e-63,8.375540457072266909e-01,7.804604154969118079e-01
1.478742438484462779e-63,8.400247066090179571e-01,7.804604154969118079e-01
1.464099088215260217e-63,8.400247066090179571e-01,7.810218978102190235e-01
7.693307917817521117e-64,8.406423718344657736e-01,7.810218978102190235e-01
7.001070137176669642e-64,8.406423718344657736e-01,7.821448624368332325e-01
5.643256631706092526e-64,8.412600370599134791e-01,7.821448624368332325e-01
3.123529537092232378e-64,8.412600370599134791e-01,7.827063447501403370e-01
1.964227722635888417e-64,8.424953675108091122e-01,7.827063447501403370e-01
1.844111047186236689e-64,8.424953675108091122e-01,7.832678270634475526e-01
1.684125365484844166e-64,8.431130327362569288e-01,7.832678270634475526e-01
6.712619216180218712e-65,8.431130327362569288e-01,7.855137563166759707e-01
3.204667236392694675e-65,8.437306979617047453e-01,7.855137563166759707e-01
1.834889003306225957e-65,8.437306979617047453e-01,7.860752386299831862e-01
1.503823416954438482e-65,8.443483631871525619e-01,7.860752386299831862e-01
4.006608295837269578e-66,8.443483631871525619e-01,7.894441325098259243e-01
2.387043739129555771e-66,8.462013588634960115e-01,7.894441325098259243e-01
2.082742964096372819e-66,8.462013588634960115e-01,7.900056148231330289e-01
1.700330243630677981e-66,8.474366893143916446e-01,7.900056148231330289e-01
1.209267044951021664e-66,8.474366893143916446e-01,7.911285794497473489e-01
1.122877573582750459e-66,8.480543545398394611e-01,7.911285794497473489e-01
4.606030000629096112e-67,8.480543545398394611e-01,7.928130263896687735e-01
1.989862400463548087e-67,8.529956763434218825e-01,7.928130263896687735e-01
1.930560406341854407e-67,8.529956763434218825e-01,7.933745087029758780e-01
6.950410342363215610e-68,8.548486720197653321e-01,7.933745087029758780e-01
3.913941825736274130e-68,8.548486720197653321e-01,7.939359910162829825e-01
3.298518863609284789e-68,8.554663372452131487e-01,7.939359910162829825e-01
3.139837577476338454e-68,8.554663372452131487e-01,7.944974733295900871e-01
3.059819397264588005e-68,8.560840024706608542e-01,7.944974733295900871e-01
2.411343008790186044e-68,8.560840024706608542e-01,7.956204379562044071e-01
1.907496165960103232e-68,8.573193329215564873e-01,7.956204379562044071e-01
1.363876325202217869e-68,8.573193329215564873e-01,7.961819202695115116e-01
1.222828055273683849e-68,8.579369981470043038e-01,7.961819202695115116e-01
7.690478350259387109e-69,8.579369981470043038e-01,7.973048848961257207e-01
5.754522148680082463e-69,8.585546633724521204e-01,7.973048848961257207e-01
3.846892489447961229e-69,8.585546633724521204e-01,7.978663672094329362e-01
1.488769041769490870e-69,8.604076590487955700e-01,7.978663672094329362e-01
1.296352360068404846e-69,8.604076590487955700e-01,7.984278495227400407e-01
1.176100441369898119e-69,8.616429894996912031e-01,7.984278495227400407e-01
9.398749552517347612e-70,8.616429894996912031e-01,7.989893318360471453e-01
6.142949705663272221e-70,8.628783199505868362e-01,7.989893318360471453e-01
2.336732877976109687e-70,8.628783199505868362e-01,7.995508141493542498e-01
2.225367155499551575e-70,8.634959851760345417e-01,7.995508141493542498e-01
2.104767020501413190e-70,8.634959851760345417e-01,8.001122964626614653e-01
1.209821244893192110e-70,8.665843113032736245e-01,8.001122964626614653e-01
8.156477378684481421e-71,8.665843113032736245e-01,8.006737787759685698e-01
6.289927366822847153e-71,8.672019765287214410e-01,8.006737787759685698e-01
4.567932663662662671e-71,8.672019765287214410e-01,8.023582257158899944e-01
1.909258842393251117e-71,8.684373069796170741e-01,8.023582257158899944e-01
1.813167485317975741e-71,8.684373069796170741e-01,8.034811903425042034e-01
1.212523335348334567e-71,8.702903026559605237e-01,8.034811903425042034e-01
6.326520245782645297e-72,8.702903026559605237e-01,8.057271195957327325e-01
5.435798609328016277e-72,8.715256331068560458e-01,8.057271195957327325e-01
3.312103473971898307e-72,8.715256331068560458e-01,8.062886019090398371e-01
3.176468650249812735e-72,8.721432983323038624e-01,8.062886019090398371e-01
3.125883799665980867e-72,8.721432983323038624e-01,8.068500842223469416e-01
2.431489214292964283e-72,8.727609635577516789e-01,8.068500842223469416e-01
8.778085405237156679e-73,8.727609635577516789e-01,8.079730488489612616e-01
5.048633651436294304e-73,8.739962940086473120e-01,8.079730488489612616e-01
3.941032759114570069e-73,8.739962940086473120e-01,8.085345311622683662e-01
3.169824423706865153e-73,8.746139592340951285e-01,8.085345311622683662e-01
2.873730596866784595e-73,8.746139592340951285e-01,8.090960134755754707e-01
2.857139877263622478e-73,8.752316244595429451e-01,8.090960134755754707e-01
2.231385786522892839e-73,8.752316244595429451e-01,8.102189781021897907e-01
1.954121406767215101e-73,8.770846201358863947e-01,8.102189781021897907e-01
7.071260371216805350e-74,8.770846201358863947e-01,8.119034250421112153e-01
2.838968530074185655e-74,8.801729462631253664e-01,8.119034250421112153e-01
2.703278039846826892e-74,8.801729462631253664e-01,8.124649073554183198e-01
2.675744216073111901e-74,8.807906114885731830e-01,8.124649073554183198e-01
2.452498987581292483e-74,8.807906114885731830e-01,8.130263896687254244e-01
1.464650951228852639e-74,8.820259419394688161e-01,8.130263896687254244e-01
6.675673902376520405e-75,8.820259419394688161e-01,8.163952835485682735e-01
5.869532559921044333e-75,8.826436071649166326e-01,8.163952835485682735e-01
4.602764807805727832e-75,8.826436071649166326e-01,8.175182481751824826e-01
3.690851408862278511e-75,8.838789376158122657e-01,8.175182481751824826e-01
3.149189485346281353e-75,8.838789376158122657e-01,8.180797304884895871e-01
2.887324224365831829e-75,8.844966028412600823e-01,8.180797304884895871e-01
1.573512448692682038e-75,8.844966028412600823e-01,8.192026951151039071e-01
1.517900784695292886e-75,8.851142680667078988e-01,8.192026951151039071e-01
6.853882219752922891e-76,8.851142680667078988e-01,8.220101066816395408e-01
5.648717208257889496e-76,8.863495985176034209e-01,8.220101066816395408e-01
1.990799368159011192e-76,8.863495985176034209e-01,8.248175182481751744e-01
1.286795284070395270e-76,8.875849289684990540e-01,8.248175182481751744e-01
4.331490421616673516e-77,8.875849289684990540e-01,8.259404828747894944e-01
2.028422872558549159e-77,8.900555898702903201e-01,8.259404828747894944e-01
7.293106109595347635e-78,8.900555898702903201e-01,8.281864121280179125e-01
6.378605223013540890e-78,8.906732550957381367e-01,8.281864121280179125e-01
5.416056360691886999e-78,8.906732550957381367e-01,8.287478944413251281e-01
3.026151039133997106e-78,8.912909203211859532e-01,8.287478944413251281e-01
1.451439665234186339e-78,8.912909203211859532e-01,8.309938236945536572e-01
1.334931981301237948e-78,8.919085855466337698e-01,8.309938236945536572e-01
1.266760491175022228e-78,8.919085855466337698e-01,8.315553060078607617e-01
7.991097351472663241e-79,8.925262507720815863e-01,8.315553060078607617e-01
4.502013074842312219e-79,8.925262507720815863e-01,8.338012352610892908e-01
4.334357488362829922e-79,8.931439159975292919e-01,8.338012352610892908e-01
2.739614161001443240e-79,8.931439159975292919e-01,8.343627175743963953e-01
2.616176485564288707e-79,8.937615812229771084e-01,8.343627175743963953e-01
2.217139233086971938e-79,8.937615812229771084e-01,8.349241998877034998e-01
2.063464095472563198e-79,8.943792464484249249e-01,8.349241998877034998e-01
1.966023180732844022e-79,8.943792464484249249e-01,8.354856822010107154e-01
1.926836487455799436e-79,8.949969116738727415e-01,8.354856822010107154e-01
1.896375429787202668e-79,8.949969116738727415e-01,8.360471645143178199e-01
1.729359109951585226e-79,8.956145768993205580e-01,8.360471645143178199e-01
1.126425163010734562e-79,8.956145768993205580e-01,8.371701291409320289e-01
1.658588712502172904e-80,8.980852378011118242e-01,8.371701291409320289e-01
1.338251142167270800e-80,8.980852378011118242e-01,8.382930937675463490e-01
4.450775981468417258e-81,9.030265596046942456e-01,8.382930937675463490e-01
4.136417304704176072e-81,9.030265596046942456e-01,8.388545760808534535e-01
4.288066083037012306e-82,9.054972205064855117e-01,8.388545760808534535e-01
2.022695495601466724e-82,9.054972205064855117e-01,8.405390230207748781e-01
1.825079889096574574e-82,9.061148857319333283e-01,8.405390230207748781e-01
8.104767421512647063e-83,9.061148857319333283e-01,8.411005053340819826e-01
6.932968028317484540e-83,9.067325509573811448e-01,8.411005053340819826e-01
6.474722555053792101e-83,9.067325509573811448e-01,8.416619876473890871e-01
4.009776785769021770e-83,9.073502161828289614e-01,8.416619876473890871e-01
2.139733673923991815e-83,9.073502161828289614e-01,8.433464345873105117e-01
1.342088298710928788e-83,9.085855466337244835e-01,8.433464345873105117e-01
1.070377927946847359e-83,9.085855466337244835e-01,8.439079169006176162e-01
1.055242525862753775e-83,9.092032118591723000e-01,8.439079169006176162e-01
8.229931670133277032e-84,9.092032118591723000e-01,8.444693992139247207e-01
2.568307216492544100e-84,9.110562075355157496e-01,8.444693992139247207e-01
2.428803886039588114e-84,9.110562075355157496e-01,8.450308815272319363e-01
1.250197432876247160e-84,9.135268684373070158e-01,8.450308815272319363e-01
8.650082012214147123e-85,9.135268684373070158e-01,8.455923638405390408e-01
5.067849883399391944e-85,9.141445336627548324e-01,8.455923638405390408e-01
5.031860443251689271e-85,9.141445336627548324e-01,8.461538461538461453e-01
4.688096744289996676e-85,9.147621988882026489e-01,8.461538461538461453e-01
2.331009678895947699e-85,9.147621988882026489e-01,8.472768107804604654e-01
9.019793575247873458e-86,9.159975293390981710e-01,8.472768107804604654e-01
6.581949870168500121e-86,9.159975293390981710e-01,8.478382930937675699e-01
3.997431874941226040e-86,9.178505250154416206e-01,8.478382930937675699e-01
1.444502332596851880e-86,9.178505250154416206e-01,8.483997754070746744e-01
7.494098819392796537e-87,9.190858554663372537e-01,8.483997754070746744e-01
5.324935702728847844e-87,9.190858554663372537e-01,8.489612577203817789e-01
4.766657975658245855e-87,9.197035206917850703e-01,8.489612577203817789e-01
2.838027477816651468e-87,9.197035206917850703e-01,8.500842223469960990e-01
1.519652960907266550e-87,9.209388511426807034e-01,8.500842223469960990e-01
1.136525172848739983e-87,9.209388511426807034e-01,8.506457046603032035e-01
1.021485962180208121e-87,9.215565163681285199e-01,8.506457046603032035e-01
9.247452651836796446e-88,9.215565163681285199e-01,8.517686692869174125e-01
8.712206938776938057e-88,9.221741815935763364e-01,8.517686692869174125e-01
7.594399384381895030e-88,9.221741815935763364e-01,8.523301516002246281e-01
6.310487842790452543e-88,9.227918468190240420e-01,8.523301516002246281e-01
6.295111710343216036e-88,9.227918468190240420e-01,8.528916339135317326e-01
4.042288102378874412e-88,9.234095120444718585e-01,8.528916339135317326e-01
1.685014525623613931e-88,9.234095120444718585e-01,8.534531162268388371e-01
1.443794341713027576e-88,9.240271772699196751e-01,8.534531162268388371e-01
1.263139480097782045e-88,9.240271772699196751e-01,8.540145985401459416e-01
6.732582160442644001e-89,9.264978381717109412e-01,8.540145985401459416e-01
6.648185736141436082e-89,9.264978381717109412e-01,8.545760808534531572e-01
6.593580892935214525e-89,9.271155033971587578e-01,8.545760808534531572e-01
6.698160918003547909e-90,9.271155033971587578e-01,8.573834924199887908e-01
5.266801856387731686e-90,9.277331686226065743e-01,8.573834924199887908e-01
3.343602886120844697e-90,9.277331686226065743e-01,8.579449747332958953e-01
3.211603467116945654e-90,9.283508338480543909e-01,8.579449747332958953e-01
2.654140880526021476e-90,9.283508338480543909e-01,8.590679393599102154e-01
2.264834174323588683e-90,9.289684990735022074e-01,8.590679393599102154e-01
1.140162161977837482e-90,9.289684990735022074e-01,8.607523862998315289e-01
5.951127334214027142e-91,9.308214947498455460e-01,8.607523862998315289e-01
2.463399973209193159e-91,9.308214947498455460e-01,8.618753509264458490e-01
9.559598775655974383e-92,9.332921556516368122e-01,8.618753509264458490e-01
2.108642736723387622e-92,9.332921556516368122e-01,8.669286917462100117e-01
1.897751128757438522e-92,9.339098208770846288e-01,8.669286917462100117e-01
5.069331819629060741e-93,9.339098208770846288e-01,8.686131386861314363e-01
1.306699740852137260e-93,9.351451513279802619e-01,8.686131386861314363e-01
7.219657417230472084e-94,9.351451513279802619e-01,8.697361033127456453e-01
6.627364314375302555e-94,9.357628165534280784e-01,8.697361033127456453e-01
3.445666663065208431e-94,9.357628165534280784e-01,8.708590679393599654e-01
2.377229457760588884e-94,9.363804817788758950e-01,8.708590679393599654e-01
1.917482604141107871e-94,9.363804817788758950e-01,8.719820325659741744e-01
1.779015352942752735e-94,9.369981470043237115e-01,8.719820325659741744e-01
1.234110713212678987e-94,9.369981470043237115e-01,8.725435148792812790e-01
8.901542234207561502e-95,9.376158122297714170e-01,8.725435148792812790e-01
8.817537048416757201e-95,9.376158122297714170e-01,8.731049971925883835e-01
3.938526847463628879e-95,9.388511426806670501e-01,8.731049971925883835e-01
2.254771663670971637e-95,9.388511426806670501e-01,8.736664795058955990e-01
4.889813771893324704e-96,9.400864731315626832e-01,8.736664795058955990e-01
4.309654855446342411e-97,9.400864731315626832e-01,8.759124087591241281e-01
1.224542085866862289e-97,9.425571340333539494e-01,8.759124087591241281e-01
1.095973723258391517e-97,9.425571340333539494e-01,8.764738910724312326e-01
7.242172196072143535e-98,9.431747992588017659e-01,8.764738910724312326e-01
4.751971914714951888e-99,9.431747992588017659e-01,8.804042672655811863e-01
5.638104333733888463e-100,9.444101297096973990e-01,8.804042672655811863e-01
2.700473760157654974e-100,9.444101297096973990e-01,8.820887142055024999e-01
2.069383967352531326e-100,9.456454601605929211e-01,8.820887142055024999e-01
2.157788313762144188e-101,9.456454601605929211e-01,8.848961257720381335e-01
1.913444366071977788e-101,9.462631253860407377e-01,8.848961257720381335e-01
1.890820411427317559e-101,9.462631253860407377e-01,8.854576080853453490e-01
1.719989459222350974e-101,9.468807906114885542e-01,8.854576080853453490e-01
1.536532695051672282e-101,9.468807906114885542e-01,8.860190903986524535e-01
1.133966864951456389e-101,9.481161210623841873e-01,8.860190903986524535e-01
4.114614147303037151e-102,9.481161210623841873e-01,8.882650196518809826e-01
3.679791977781455205e-102,9.487337862878320038e-01,8.882650196518809826e-01
1.497560532428376618e-102,9.487337862878320038e-01,8.899494665918024072e-01
1.433798027877438093e-102,9.493514515132798204e-01,8.899494665918024072e-01
6.876128816728849284e-103,9.493514515132798204e-01,8.916339135317237208e-01
2.352191224759734882e-103,9.505867819641754535e-01,8.916339135317237208e-01
2.064513302078006403e-103,9.505867819641754535e-01,8.921953958450309363e-01
1.741426158481449853e-103,9.518221124150710866e-01,8.921953958450309363e-01
1.103106008878135771e-103,9.518221124150710866e-01,8.927568781583380408e-01
7.081684546708721573e-104,9.524397776405187921e-01,8.927568781583380408e-01
5.743796156079041231e-104,9.524397776405187921e-01,8.933183604716451454e-01
2.097687728586277164e-104,9.555281037677578748e-01,8.933183604716451454e-01
1.863979813446662323e-104,9.555281037677578748e-01,8.944413250982593544e-01
1.527052822959250264e-104,9.561457689932056914e-01,8.944413250982593544e-01
1.481268644097798591e-104,9.561457689932056914e-01,8.955642897248736745e-01
1.340149636857847529e-104,9.567634342186535079e-01,8.955642897248736745e-01
6.728490979798796350e-105,9.567634342186535079e-01,8.961257720381807790e-01
5.564367066558516343e-105,9.573810994441013245e-01,8.961257720381807790e-01
3.918305730118366792e-105,9.573810994441013245e-01,8.972487366647950990e-01
9.328173637809629353e-106,9.592340951204447741e-01,8.972487366647950990e-01
7.600310039617596856e-107,9.592340951204447741e-01,9.006176305446378372e-01
4.564118049668787055e-108,9.641754169240271954e-01,9.006176305446378372e-01
5.429547272267747494e-109,9.641754169240271954e-01,9.023020774845592618e-01
3.923145137671800527e-109,9.654107473749228285e-01,9.023020774845592618e-01
8.524440256808071808e-110,9.654107473749228285e-01,9.039865244244805753e-01
4.952005833791190832e-110,9.660284126003706451e-01,9.039865244244805753e-01
3.523558072705466371e-110,9.660284126003706451e-01,9.045480067377877909e-01
3.219542330448380922e-110,9.666460778258184616e-01,9.045480067377877909e-01
2.585020060881438346e-110,9.666460778258184616e-01,9.051094890510948954e-01
8.141418709586239127e-111,9.672637430512661672e-01,9.051094890510948954e-01
2.451491373456749872e-111,9.672637430512661672e-01,9.067939359910163200e-01
2.496075005554823137e-112,9.703520691785052499e-01,9.067939359910163200e-01
1.525724718303635407e-112,9.703520691785052499e-01,9.073554183043234245e-01
1.220763200109741938e-112,9.709697344039530664e-01,9.073554183043234245e-01
7.196107519085077748e-113,9.709697344039530664e-01,9.079169006176305290e-01
6.753911888646063545e-113,9.715873996294008830e-01,9.079169006176305290e-01
4.774709769975129288e-113,9.715873996294008830e-01,9.084783829309376335e-01
3.491856006397236261e-113,9.722050648548486995e-01,9.084783829309376335e-01
6.864967829979059120e-114,9.722050648548486995e-01,9.101628298708590581e-01
1.652085640754485956e-114,9.740580605311921492e-01,9.101628298708590581e-01
3.024560688904432886e-115,9.740580605311921492e-01,9.112857944974733782e-01
2.395929872941651797e-115,9.746757257566398547e-01,9.112857944974733782e-01
1.639139300676031766e-115,9.746757257566398547e-01,9.118472768107804827e-01
3.937153352503284239e-116,9.759110562075354878e-01,9.118472768107804827e-01
3.298321841671308278e-117,9.759110562075354878e-01,9.146546883773161163e-01
8.512170443792201588e-118,9.771463866584311209e-01,9.146546883773161163e-01
3.921556546712436614e-118,9.771463866584311209e-01,9.152161706906232208e-01
7.138431322195768030e-119,9.777640518838789374e-01,9.152161706906232208e-01
6.419937205358196525e-119,9.777640518838789374e-01,9.157776530039303253e-01
1.931044855959447800e-119,9.783817171093267540e-01,9.157776530039303253e-01
1.702612793074772150e-120,9.783817171093267540e-01,9.180235822571588544e-01
8.745741548911746322e-121,9.789993823347745705e-01,9.180235822571588544e-01
6.226281202117873812e-121,9.789993823347745705e-01,9.191465468837731745e-01
1.868081974254161199e-121,9.802347127856702036e-01,9.191465468837731745e-01
3.339065318521269637e-122,9.802347127856702036e-01,9.197080291970802790e-01
1.349383277185177884e-122,9.808523780111180201e-01,9.197080291970802790e-01
2.170570766324874222e-123,9.808523780111180201e-01,9.219539584503088081e-01
7.646752233165125230e-124,9.814700432365658367e-01,9.219539584503088081e-01
2.535051285143010089e-128,9.814700432365658367e-01,9.286917462099943954e-01
9.947770142638904698e-129,9.820877084620135422e-01,9.286917462099943954e-01
9.930289535315426238e-131,9.820877084620135422e-01,9.298147108366086044e-01
3.172053481600743073e-131,9.827053736874613588e-01,9.298147108366086044e-01
1.297957475734089210e-131,9.827053736874613588e-01,9.309376754632229245e-01
1.149874858363317644e-131,9.833230389129091753e-01,9.309376754632229245e-01
5.820829568142476228e-132,9.833230389129091753e-01,9.320606400898371335e-01
3.248740815387330944e-132,9.839407041383569918e-01,9.320606400898371335e-01
7.955735641388214011e-135,9.839407041383569918e-01,9.348680516563728782e-01
5.975071757066046968e-135,9.845583693638048084e-01,9.348680516563728782e-01
2.481090560359213454e-135,9.845583693638048084e-01,9.359910162829870872e-01
1.251941303191812255e-136,9.851760345892526249e-01,9.359910162829870872e-01
9.011367266070684130e-139,9.851760345892526249e-01,9.387984278495227208e-01
2.256591390438118015e-139,9.857936998147004415e-01,9.387984278495227208e-01
2.607941743562958369e-140,9.857936998147004415e-01,9.404828747894441454e-01
1.664153705317862808e-140,9.864113650401482580e-01,9.404828747894441454e-01
1.912675644882443408e-142,9.864113650401482580e-01,9.427288040426726745e-01
8.943213522269395546e-143,9.870290302655960746e-01,9.427288040426726745e-01
1.663727437468279988e-145,9.870290302655960746e-01,9.455362156092083081e-01
1.237329759915058055e-145,9.876466954910438911e-01,9.455362156092083081e-01
4.515968946099153018e-146,9.876466954910438911e-01,9.460976979225154126e-01
1.990269129318057624e-147,9.882643607164917077e-01,9.460976979225154126e-01
1.731868859804944925e-152,9.882643607164917077e-01,9.500280741156653663e-01
1.509719036165020434e-152,9.888820259419395242e-01,9.500280741156653663e-01
7.257825018015193213e-155,9.888820259419395242e-01,9.517125210555867909e-01
6.619028097979582674e-155,9.894996911673872297e-01,9.517125210555867909e-01
9.496594126223679703e-156,9.894996911673872297e-01,9.522740033688938954e-01
5.625258029335583542e-156,9.901173563928350463e-01,9.522740033688938954e-01
3.082505916162996054e-162,9.901173563928350463e-01,9.556428972487366336e-01
3.789086299040297431e-163,9.907350216182828628e-01,9.556428972487366336e-01
8.437247344243566434e-164,9.907350216182828628e-01,9.562043795620438491e-01
1.292296411776051628e-164,9.913526868437306794e-01,9.562043795620438491e-01
5.495510325977226000e-165,9.913526868437306794e-01,9.573273441886580581e-01
6.147652096813400072e-166,9.925880172946263125e-01,9.573273441886580581e-01
1.062687486522103186e-168,9.925880172946263125e-01,9.595732734418865872e-01
1.477663789445691420e-169,9.932056825200741290e-01,9.595732734418865872e-01
4.048913500178729926e-173,9.932056825200741290e-01,9.612577203818080118e-01
2.520570920248883820e-174,9.944410129709697621e-01,9.612577203818080118e-01
1.821778047470277543e-185,9.944410129709697621e-01,9.702414373947220172e-01
2.073281082674885016e-186,9.950586781964175787e-01,9.702414373947220172e-01
3.229419929605499361e-192,9.950586781964175787e-01,9.741718135878719709e-01
9.643474581817038012e-193,9.956763434218653952e-01,9.741718135878719709e-01
2.150651114312630104e-193,9.956763434218653952e-01,9.752947782144862909e-01
1.210062907708377012e-195,9.962940086473132117e-01,9.752947782144862909e-01
8.614880398226864654e-209,9.962940086473132117e-01,9.792251544076361336e-01
1.499962431776116290e-209,9.969116738727609173e-01,9.792251544076361336e-01
8.549762255201484730e-229,9.969116738727609173e-01,9.831555306007860873e-01
1.290169157792888591e-233,9.975293390982087338e-01,9.831555306007860873e-01
1.594374054182456463e-236,9.975293390982087338e-01,9.842784952274002963e-01
1.734186698793618417e-240,9.981470043236565504e-01,9.842784952274002963e-01
5.761859910085712993e-263,9.981470043236565504e-01,9.882088714205502500e-01
2.399229887586996688e-268,9.993823347745521835e-01,9.882088714205502500e-01
9.184643761860555209e-307,9.993823347745521835e-01,9.927007299270073082e-01
0.000000000000000000e+00,1.000000000000000000e+00,1.000000000000000000e+00
